id,url
2,https://p.scdn.co/mp3-preview/fff24cea9d5164e5b3d6ebfe9015896d59aec48b?cid=f1620a4d594246e79f680fbf82b63998
32,https://p.scdn.co/mp3-preview/ffea8dfb80ab0363a3cc6048eb7cbbda794387e9?cid=f1620a4d594246e79f680fbf82b63998
54,https://p.scdn.co/mp3-preview/ffe6259a81165bbfb470eba49a5c9e3c3dc02201?cid=f1620a4d594246e79f680fbf82b63998
77,https://p.scdn.co/mp3-preview/ffe0e3b7ddf4c1a4d7a6ecbb4b3282406d145c4e?cid=f1620a4d594246e79f680fbf82b63998
96,https://p.scdn.co/mp3-preview/ffabc49c49a68c92c20cf58bcfff22639dd57cb3?cid=f1620a4d594246e79f680fbf82b63998
116,https://p.scdn.co/mp3-preview/ff8f9a0faff202e62a916df43a83a736aa95a491?cid=f1620a4d594246e79f680fbf82b63998
135,https://p.scdn.co/mp3-preview/ff84b0878c57057021499fc7d47462880fcec445?cid=f1620a4d594246e79f680fbf82b63998
156,https://p.scdn.co/mp3-preview/ff5f383be36dd1d9a15b2e772caa48ce97154539?cid=f1620a4d594246e79f680fbf82b63998
175,https://p.scdn.co/mp3-preview/ff56336f3a55d861487c90544fd87586d63e9303?cid=f1620a4d594246e79f680fbf82b63998
194,https://p.scdn.co/mp3-preview/ff5605b37f79379a7a082c37606b0f58e2f3b855?cid=f1620a4d594246e79f680fbf82b63998
213,https://p.scdn.co/mp3-preview/ff492db496aaa9bb638dcef9e3b6decd3c83e8b4?cid=f1620a4d594246e79f680fbf82b63998
232,https://p.scdn.co/mp3-preview/ff440953721bab2d016cda8d3000540e21896228?cid=f1620a4d594246e79f680fbf82b63998
253,https://p.scdn.co/mp3-preview/ff01568a8e62803459fe2b62e1d0ad327133f62a?cid=f1620a4d594246e79f680fbf82b63998
280,https://p.scdn.co/mp3-preview/fef67dd5195e2347613bae121be9e23a9a110768?cid=f1620a4d594246e79f680fbf82b63998
302,https://p.scdn.co/mp3-preview/fef53bf822bd0d7e9343a403dcac5a0ec580adf6?cid=f1620a4d594246e79f680fbf82b63998
320,https://p.scdn.co/mp3-preview/fedd771557fa7a4bc6f510fac87a9798abd4276d?cid=f1620a4d594246e79f680fbf82b63998
340,https://p.scdn.co/mp3-preview/feb620bda49492619cef389778b7acaf030ca182?cid=f1620a4d594246e79f680fbf82b63998
359,https://p.scdn.co/mp3-preview/fe9aeaf4cc0ff5a69bd50fc7b324a054d9ef4949?cid=f1620a4d594246e79f680fbf82b63998
380,https://p.scdn.co/mp3-preview/fe904e40ca0bc92ff733ac52e547bf794f4dadad?cid=f1620a4d594246e79f680fbf82b63998
405,https://p.scdn.co/mp3-preview/fe8b454c5bcf7a1f184a8a9bfbdaa8ffd11d30ac?cid=f1620a4d594246e79f680fbf82b63998
432,https://p.scdn.co/mp3-preview/fe89e3212f704b92cde4be356c1bc611b703a868?cid=f1620a4d594246e79f680fbf82b63998
458,https://p.scdn.co/mp3-preview/fe7b137c6450aa5286625a4705686c18af5a9cd3?cid=f1620a4d594246e79f680fbf82b63998
481,https://p.scdn.co/mp3-preview/fe71c0a0b7902d47a4bfd1875c923990c9add480?cid=f1620a4d594246e79f680fbf82b63998
502,https://p.scdn.co/mp3-preview/fe6a204edff31dd782ad6ea7228ff205712a7fc6?cid=f1620a4d594246e79f680fbf82b63998
529,https://p.scdn.co/mp3-preview/fe5b147d43d6ee7edc358e758eac90932e62ee8d?cid=f1620a4d594246e79f680fbf82b63998
568,https://p.scdn.co/mp3-preview/fe44de8f97b329f293d72c3d11d90cbcd0df68d6?cid=f1620a4d594246e79f680fbf82b63998
607,https://p.scdn.co/mp3-preview/fe2c5978922817b3c575cc77da8f8db82116e008?cid=f1620a4d594246e79f680fbf82b63998
631,https://p.scdn.co/mp3-preview/fe26404f5e092fe4540166da9cd6997799a3ff81?cid=f1620a4d594246e79f680fbf82b63998
653,https://p.scdn.co/mp3-preview/fe11e986c15c2f9bc7398f0254f5012c3faee981?cid=f1620a4d594246e79f680fbf82b63998
675,https://p.scdn.co/mp3-preview/fdf5ea0d2e3f86a0c357d41775601c6b17402180?cid=f1620a4d594246e79f680fbf82b63998
698,https://p.scdn.co/mp3-preview/fdd64c3518425053f2f2d70a5167305dbed82aa3?cid=f1620a4d594246e79f680fbf82b63998
719,https://p.scdn.co/mp3-preview/fdc377a652c6fa94f61fa526e3692a0f08418bd6?cid=f1620a4d594246e79f680fbf82b63998
738,https://p.scdn.co/mp3-preview/fdb41a8359c99cd1ce86de983616aa16c012bca3?cid=f1620a4d594246e79f680fbf82b63998
764,https://p.scdn.co/mp3-preview/fdae12f507187f232193d3c2fcf19a0ec869354a?cid=f1620a4d594246e79f680fbf82b63998
796,https://p.scdn.co/mp3-preview/fda0d61b8adc76102e52a7aabc7deb0835e1c7e2?cid=f1620a4d594246e79f680fbf82b63998
820,https://p.scdn.co/mp3-preview/fd9e04e13def2ccbbf21f0d5154cb047cd3aa852?cid=f1620a4d594246e79f680fbf82b63998
851,https://p.scdn.co/mp3-preview/fd9419e425168cb08261247107b92f2eb87a218d?cid=f1620a4d594246e79f680fbf82b63998
874,https://p.scdn.co/mp3-preview/fd72e40f6ec62bddef90a0587d972a9568f73fc8?cid=f1620a4d594246e79f680fbf82b63998
904,https://p.scdn.co/mp3-preview/fd696c8d28f413736b448715c3325fc90005129e?cid=f1620a4d594246e79f680fbf82b63998
941,https://p.scdn.co/mp3-preview/fd5fa2c8b7cbdc4dafb834602678d0e1ee300b93?cid=f1620a4d594246e79f680fbf82b63998
970,https://p.scdn.co/mp3-preview/fd41ecd88adbad8e0191c3522c76f15794ae197f?cid=f1620a4d594246e79f680fbf82b63998
994,https://p.scdn.co/mp3-preview/fd400e9fa2ced27cc5c6549addcc1a61ead4950a?cid=f1620a4d594246e79f680fbf82b63998
1013,https://p.scdn.co/mp3-preview/fd3c9cb31aaf38432f0a0dd1b8c8ece6e4dfc6b4?cid=f1620a4d594246e79f680fbf82b63998
1031,https://p.scdn.co/mp3-preview/fd362b9dd3f768440850c0b7156b5ab3426726f4?cid=f1620a4d594246e79f680fbf82b63998
1049,https://p.scdn.co/mp3-preview/fd31d1bc4274d495f9db24e4ea1b947aab437f16?cid=f1620a4d594246e79f680fbf82b63998
1067,https://p.scdn.co/mp3-preview/fd2cfbcfce5e8eeacc6003bc036607734e3dda1c?cid=f1620a4d594246e79f680fbf82b63998
1085,https://p.scdn.co/mp3-preview/fd2aef0d9e643ed0522344647d9b225d2f59f46d?cid=f1620a4d594246e79f680fbf82b63998
1103,https://p.scdn.co/mp3-preview/fd2aa2813950376c7d01eb6de7f8e0bd135af08d?cid=f1620a4d594246e79f680fbf82b63998
1121,https://p.scdn.co/mp3-preview/fd28f2757497c90951299055936dc68e4ce61539?cid=f1620a4d594246e79f680fbf82b63998
1139,https://p.scdn.co/mp3-preview/fce94b29156f3fbf51cd46c0e07b36949fed7fd5?cid=f1620a4d594246e79f680fbf82b63998
1157,https://p.scdn.co/mp3-preview/fcd66d680b0389468443c8c1e7687f2666629b62?cid=f1620a4d594246e79f680fbf82b63998
1175,https://p.scdn.co/mp3-preview/fcccad3ca614137d694f88eebde287e5eb60475a?cid=f1620a4d594246e79f680fbf82b63998
1193,https://p.scdn.co/mp3-preview/fc88bb1b26b8d3dbba93f7912f20584e6c7fc0d8?cid=f1620a4d594246e79f680fbf82b63998
1211,https://p.scdn.co/mp3-preview/fc77c1d477f56781978a1291d05bf6ba9a41da8b?cid=f1620a4d594246e79f680fbf82b63998
1229,https://p.scdn.co/mp3-preview/fc6b4cdf5afa25d75848e1328e9181c66f0bf5b9?cid=f1620a4d594246e79f680fbf82b63998
1247,https://p.scdn.co/mp3-preview/fc6aa69b0f6fac454f9d9fccd9b3423c4b575a09?cid=f1620a4d594246e79f680fbf82b63998
1265,https://p.scdn.co/mp3-preview/fc6864c82e32d551f36281deda347bb7ab16d3a7?cid=f1620a4d594246e79f680fbf82b63998
1283,https://p.scdn.co/mp3-preview/fc5c7dd9b286de731ab25cc5f63961fa04c52860?cid=f1620a4d594246e79f680fbf82b63998
1301,https://p.scdn.co/mp3-preview/fc52b4a3b6f9f818710ee6c2e3225e5f7ebd55c8?cid=f1620a4d594246e79f680fbf82b63998
1319,https://p.scdn.co/mp3-preview/fc4356b9f5bfbc9f4d4a211b7da41ecaab8b0945?cid=f1620a4d594246e79f680fbf82b63998
1337,https://p.scdn.co/mp3-preview/fc3fb6daffd16db6b2189e20edc7ef182d2da9c8?cid=f1620a4d594246e79f680fbf82b63998
1355,https://p.scdn.co/mp3-preview/fc20bcf5bfbf90119883654d05255af08d5aa8f9?cid=f1620a4d594246e79f680fbf82b63998
1373,https://p.scdn.co/mp3-preview/fc0889b59871d18e442983aeb66cba5ce1e3a1d7?cid=f1620a4d594246e79f680fbf82b63998
1391,https://p.scdn.co/mp3-preview/fc026e929aa26aef4c901b3fefc789864ee5ccc2?cid=f1620a4d594246e79f680fbf82b63998
1409,https://p.scdn.co/mp3-preview/fbf9cdbdab0f52e240d16544688efc9e44f4a2c3?cid=f1620a4d594246e79f680fbf82b63998
1427,https://p.scdn.co/mp3-preview/fbe64ff0b4d64bc5a9ec0d7918572bb0f999bc50?cid=f1620a4d594246e79f680fbf82b63998
1445,https://p.scdn.co/mp3-preview/fbcae76b9f1d27e0df33217b16a27895d6e344dc?cid=f1620a4d594246e79f680fbf82b63998
1463,https://p.scdn.co/mp3-preview/fbc2e85646d7fe5be5710d035878a02a6d29884e?cid=f1620a4d594246e79f680fbf82b63998
1481,https://p.scdn.co/mp3-preview/fbbb667589e397f601dcca3f2ea72f91ca755691?cid=f1620a4d594246e79f680fbf82b63998
1499,https://p.scdn.co/mp3-preview/fbb132196862d49b41564e8a7989f4902c84bcc5?cid=f1620a4d594246e79f680fbf82b63998
1517,https://p.scdn.co/mp3-preview/fba2ff39302c68781751c408b221234c17a88d49?cid=f1620a4d594246e79f680fbf82b63998
1535,https://p.scdn.co/mp3-preview/fb88d1c2e4c16d00c4c1abca4cdd2b17d92ff516?cid=f1620a4d594246e79f680fbf82b63998
1553,https://p.scdn.co/mp3-preview/fb759fe69f4bd136ba435ea1b51582511974abe4?cid=f1620a4d594246e79f680fbf82b63998
1571,https://p.scdn.co/mp3-preview/fb5dc35075fe3a31e952b4ace4fbd8cc67fdd553?cid=f1620a4d594246e79f680fbf82b63998
1589,https://p.scdn.co/mp3-preview/fb5c8edb2bbaf62704306798597d76ab095dcb4c?cid=f1620a4d594246e79f680fbf82b63998
1607,https://p.scdn.co/mp3-preview/fb53997c7cf18bf22b9292cfcbf9b83ce0a319c1?cid=f1620a4d594246e79f680fbf82b63998
1625,https://p.scdn.co/mp3-preview/fb536abc36ed6efc15bb3533082f5c9f308a490e?cid=f1620a4d594246e79f680fbf82b63998
1643,https://p.scdn.co/mp3-preview/fb3dd3a52f185ebd5f84273793c3b81448d6291f?cid=f1620a4d594246e79f680fbf82b63998
1661,https://p.scdn.co/mp3-preview/fb32a12d1b2923a7d0f62d20913c8cfd898c6c95?cid=f1620a4d594246e79f680fbf82b63998
1679,https://p.scdn.co/mp3-preview/fb22843d658b3bb6ae6a7ac3edf996c7b2717897?cid=f1620a4d594246e79f680fbf82b63998
1697,https://p.scdn.co/mp3-preview/fb219bddb8c832cf0c6136fccaed6f78736c08bb?cid=f1620a4d594246e79f680fbf82b63998
1715,https://p.scdn.co/mp3-preview/fb1cc9e304065332a13e5e9a300f8a982ca9c98f?cid=f1620a4d594246e79f680fbf82b63998
1733,https://p.scdn.co/mp3-preview/fb07689387f70fff413a4b32612adfba12967d66?cid=f1620a4d594246e79f680fbf82b63998
1751,https://p.scdn.co/mp3-preview/fb06327e5e574b85a7cda937edf5626e096226be?cid=f1620a4d594246e79f680fbf82b63998
1769,https://p.scdn.co/mp3-preview/fb0447fe9459459355aa210a7c733ba6c536270d?cid=f1620a4d594246e79f680fbf82b63998
1787,https://p.scdn.co/mp3-preview/fae181415c792f16f3a22c20035ae20985e2fc98?cid=f1620a4d594246e79f680fbf82b63998
1805,https://p.scdn.co/mp3-preview/fac78732c8a26d48a80355f2f860e77c53331d32?cid=f1620a4d594246e79f680fbf82b63998
1823,https://p.scdn.co/mp3-preview/faa6bf78782b66d03982c3ed3191bb1373da8d85?cid=f1620a4d594246e79f680fbf82b63998
1841,https://p.scdn.co/mp3-preview/faa19444f38648cd9328502f0d9b43000a357b0e?cid=f1620a4d594246e79f680fbf82b63998
1859,https://p.scdn.co/mp3-preview/faa03f58517f5a2572baded27073863f3c147b1b?cid=f1620a4d594246e79f680fbf82b63998
1877,https://p.scdn.co/mp3-preview/fa9371b271b25d7dfecb15873db4e6874885315a?cid=f1620a4d594246e79f680fbf82b63998
1895,https://p.scdn.co/mp3-preview/fa816eb4f2c180ef4214b1c162ee67c9ccc14da2?cid=f1620a4d594246e79f680fbf82b63998
1913,https://p.scdn.co/mp3-preview/fa7260d5388450ea5b04e013500707078a70e920?cid=f1620a4d594246e79f680fbf82b63998
1931,https://p.scdn.co/mp3-preview/fa66af184d97b94ae8ddc1c17ce4594c1637b033?cid=f1620a4d594246e79f680fbf82b63998
1949,https://p.scdn.co/mp3-preview/fa65a5b39fe912c9ddfec7773ee1c962ce902e7c?cid=f1620a4d594246e79f680fbf82b63998
1967,https://p.scdn.co/mp3-preview/fa5363623b1dcaf9b69628a61fd7107730aa1861?cid=f1620a4d594246e79f680fbf82b63998
1985,https://p.scdn.co/mp3-preview/fa4b94139cb43a1ea691062cdda74ee2fca41ebc?cid=f1620a4d594246e79f680fbf82b63998
